,County,State,Total infections
0,Autauga County,Alabama,2871893
1,Baldwin County,Alabama,9751057
2,Barbour County,Alabama,983791
3,Bibb County,Alabama,1144559
4,Blount County,Alabama,2851498
5,Bullock County,Alabama,475274
6,Butler County,Alabama,922146
7,Calhoun County,Alabama,6084005
8,Chambers County,Alabama,1550459
9,Cherokee County,Alabama,818383
10,Chilton County,Alabama,1842132
11,Choctaw County,Alabama,249429
12,Clarke County,Alabama,1417386
13,Clay County,Alabama,663867
14,Cleburne County,Alabama,650656
15,Coffee County,Alabama,2469979
16,Colbert County,Alabama,2606641
17,Conecuh County,Alabama,498349
18,Coosa County,Alabama,458558
19,Covington County,Alabama,1827503
20,Crenshaw County,Alabama,670463
21,Cullman County,Alabama,4201094
22,Dale County,Alabama,2269751
23,Dallas County,Alabama,1467657
24,DeKalb County,Alabama,3675024
25,Elmore County,Alabama,4264786
26,Escambia County,Alabama,1786843
27,Etowah County,Alabama,5736968
28,Fayette County,Alabama,876518
29,Franklin County,Alabama,1762598
30,Geneva County,Alabama,1164739
31,Greene County,Alabama,374637
32,Hale County,Alabama,902532
33,Henry County,Alabama,842951
34,Houston County,Alabama,4683928
35,Jackson County,Alabama,2844462
36,Jefferson County,Alabama,32568354
37,Lamar County,Alabama,615842
38,Lauderdale County,Alabama,3992566
39,Lawrence County,Alabama,1270211
40,Lee County,Alabama,6743546
41,Limestone County,Alabama,4264342
42,Lowndes County,Alabama,543135
43,Macon County,Alabama,658953
44,Madison County,Alabama,14590548
45,Marengo County,Alabama,1002153
46,Marion County,Alabama,1369746
47,Marshall County,Alabama,5155981
48,Mobile County,Alabama,18725168
49,Monroe County,Alabama,834285
50,Montgomery County,Alabama,9945480
51,Morgan County,Alabama,6037340
52,Perry County,Alabama,429730
53,Pickens County,Alabama,950324
54,Pike County,Alabama,1334994
55,Randolph County,Alabama,826819
56,Russell County,Alabama,1852091
57,Shelby County,Alabama,10364011
58,St. Clair County,Alabama,4309243
59,Sumter County,Alabama,412158
60,Talladega County,Alabama,3610462
61,Tallapoosa County,Alabama,1803285
62,Tuscaloosa County,Alabama,10376011
63,Walker County,Alabama,3103828
64,Washington County,Alabama,711906
65,Wilcox County,Alabama,506334
66,Winston County,Alabama,1212451
67,Aleutians East Borough County,Alaska,131173
68,Aleutians West Census Area County,Alaska,262096
69,Anchorage County,Alaska,13733051
70,Bethel Census Area County,Alaska,1628835
71,Bristol Bay plus Lake and Peninsula County,Alaska,101134
72,Denali Borough County,Alaska,54636
73,Dillingham Census Area County,Alaska,148845
74,Fairbanks North Star Borough County,Alaska,3535763
75,Haines Borough County,Alaska,33643
76,Juneau City and Borough County,Alaska,781224
77,Kenai Peninsula Borough County,Alaska,2341477
78,Ketchikan Gateway Borough County,Alaska,337524
79,Kodiak Island Borough County,Alaska,560579
80,Kusilvak Census Area County,Alaska,559038
81,Matanuska-Susitna Borough County,Alaska,5077547
82,Nome Census Area County,Alaska,291987
83,North Slope Borough County,Alaska,560819
84,Northwest Arctic Borough County,Alaska,360810
85,Petersburg Borough County,Alaska,75893
86,Prince of Wales-Hyder Census Area County,Alaska,94030
87,Sitka City and Borough County,Alaska,242485
88,Skagway Municipality County,Alaska,14463
89,Southeast Fairbanks Census Area County,Alaska,300716
90,Unknown County,Alaska,130834
91,Valdez-Cordova Census Area County,Alaska,351148
92,Wrangell City and Borough County,Alaska,32227
93,Yakutat plus Hoonah-Angoon County,Alaska,45041
94,Yukon-Koyukuk Census Area County,Alaska,166911
95,Apache County,Arizona,4388287
96,Cochise County,Arizona,4798914
97,Coconino County,Arizona,7030273
98,Gila County,Arizona,2860459
99,Graham County,Arizona,2250912
100,Greenlee County,Arizona,278063
101,La Paz County,Arizona,975907
102,Maricopa County,Arizona,220139589
103,Mohave County,Arizona,9545408
104,Navajo County,Arizona,6586986
105,Pima County,Arizona,45201617
106,Pinal County,Arizona,21305250
107,Santa Cruz County,Arizona,3038256
108,Yavapai County,Arizona,8116932
109,Yuma County,Arizona,13964466
110,Arkansas County,Arkansas,940605
111,Ashley County,Arkansas,857506
112,Baxter County,Arkansas,1539089
113,Benton County,Arkansas,12151991
114,Boone County,Arkansas,1720368
115,Bradley County,Arkansas,579529
116,Carroll County,Arkansas,1218237
117,Chicot County,Arkansas,636823
118,Clark County,Arkansas,910882
119,Cleveland County,Arkansas,403470
120,Columbia County,Arkansas,970017
121,Conway County,Arkansas,922335
122,Craighead County,Arkansas,5926429
123,Crawford County,Arkansas,3002705
124,Crittenden County,Arkansas,2519893
125,Cross County,Arkansas,834925
126,Desha County,Arkansas,558977
127,Drew County,Arkansas,840830
128,Faulkner County,Arkansas,5476076
129,Fulton County,Arkansas,494756
130,Garland County,Arkansas,4423320
131,Grant County,Arkansas,766712
132,Hempstead County,Arkansas,835836
133,Hot Spring County,Arkansas,2179675
134,Howard County,Arkansas,691068
135,Independence County,Arkansas,1723183
136,Izard County,Arkansas,727464
137,Johnson County,Arkansas,1257791
138,Lafayette County,Arkansas,233455
139,Lincoln County,Arkansas,1225952
140,Little River County,Arkansas,544500
141,Logan County,Arkansas,981788
142,Lonoke County,Arkansas,3253803
143,Miller County,Arkansas,1801422
144,Mississippi County,Arkansas,2412544
145,Nevada County,Arkansas,366920
146,Newton County,Arkansas,327788
147,Ouachita County,Arkansas,980100
148,Phillips County,Arkansas,834068
149,Poinsett County,Arkansas,1376402
150,Polk County,Arkansas,833229
151,Pope County,Arkansas,3400173
152,Prairie County,Arkansas,372794
153,Pulaski County,Arkansas,16818166
154,Saline County,Arkansas,5216718
155,Scott County,Arkansas,436205
156,Searcy County,Arkansas,334496
157,Sebastian County,Arkansas,6399608
158,Sevier County,Arkansas,1140087
159,Sharp County,Arkansas,751276
160,St. Francis County,Arkansas,1449212
161,Stone County,Arkansas,467547
162,Union County,Arkansas,1650056
163,Van Buren County,Arkansas,587094
164,White County,Arkansas,3582199
165,Woodruff County,Arkansas,289720
166,Yell County,Arkansas,1389715
167,Alameda County,California,35695328
168,Alpine County,California,33141
169,Amador County,California,1541504
170,Butte County,California,5883112
171,Calaveras County,California,992460
172,Colusa County,California,909909
173,Contra Costa County,California,28657017
174,Del Norte County,California,775491
175,El Dorado County,California,4546801
176,Fresno County,California,42503396
177,Glenn County,California,1211583
178,Humboldt County,California,2116420
179,Imperial County,California,11412161
180,Inyo County,California,587427
181,Kern County,California,43754546
182,Kings County,California,9569456
183,Lake County,California,1652721
184,Lassen County,California,2294453
185,Los Angeles County,California,477580584
186,Madera County,California,6900034
187,Marin County,California,5530026
188,Mariposa County,California,273838
189,Mendocino County,California,1954987
190,Merced County,California,12667978
191,Modoc County,California,227443
192,Mono County,California,511854
193,Monterey County,California,16626806
194,Napa County,California,3890941
195,Orange County,California,104235810
196,Placer County,California,10313825
197,Plumas County,California,368316
198,Riverside County,California,117231314
199,Sacramento County,California,44494037
200,San Benito County,California,2351270
201,San Bernardino County,California,115185345
202,San Diego County,California,114366289
203,San Francisco County,California,15605007
204,San Joaquin County,California,29984541
205,San Luis Obispo County,California,8673009
206,San Mateo County,California,16575122
207,Santa Barbara County,California,13599757
208,Santa Clara County,California,45796345
209,Shasta County,California,5889799
210,Sierra County,California,36636
211,Siskiyou County,California,1071674
212,Solano County,California,13424900
213,Sonoma County,California,12271497
214,Stanislaus County,California,25099534
215,Sutter County,California,3965815
216,Tehama County,California,2359618
217,Trinity County,California,190410
218,Tulare County,California,22151859
219,Tuolumne County,California,1881884
220,Ventura County,California,31555064
221,Yolo County,California,5812635
222,Yuba County,California,2790205
223,Adams County,Colorado,23263179
224,Alamosa County,Colorado,670466
225,Arapahoe County,Colorado,24018679
226,Archuleta County,Colorado,409184
227,Baca County,Colorado,129505
228,Bent County,Colorado,572185
229,Boulder County,Colorado,9175822
230,Broomfield County,Colorado,1918349
231,Chaffee County,Colorado,677736
232,Cheyenne County,Colorado,54434
233,Clear Creek County,Colorado,200899
234,Conejos County,Colorado,262180
235,Costilla County,Colorado,99279
236,Crowley County,Colorado,799488
237,Custer County,Colorado,94556
238,Delta County,Colorado,1143840
239,Denver County,Colorado,27901104
240,Dolores County,Colorado,50424
241,Douglas County,Colorado,11641312
242,Eagle County,Colorado,2453675
243,El Paso County,Colorado,27926272
244,Elbert County,Colorado,719801
245,Fremont County,Colorado,2520812
246,Garfield County,Colorado,2356493
247,Gilpin County,Colorado,111263
248,Grand County,Colorado,587197
249,Gunnison County,Colorado,534614
250,Hinsdale County,Colorado,12351
251,Huerfano County,Colorado,176849
252,Kiowa County,Colorado,47230
253,Kit Carson County,Colorado,267318
254,La Plata County,Colorado,1621827
255,Larimer County,Colorado,10786364
256,Las Animas County,Colorado,499941
257,Mesa County,Colorado,6648679
258,Mineral County,Colorado,35889
259,Moffat County,Colorado,439857
260,Montezuma County,Colorado,862968
261,Montrose County,Colorado,1533978
262,Otero County,Colorado,812907
263,Ouray County,Colorado,121654
264,Park County,Colorado,348588
265,Pitkin County,Colorado,959750
266,Prowers County,Colorado,503342
267,Pueblo County,Colorado,7407734
268,Rio Blanco County,Colorado,258759
269,Rio Grande County,Colorado,379135
270,Routt County,Colorado,926053
271,Saguache County,Colorado,175876
272,San Juan County,Colorado,23576
273,San Miguel County,Colorado,349858
274,Sedgwick County,Colorado,90712
275,Summit County,Colorado,1444697
276,Teller County,Colorado,742098
277,Weld County,Colorado,13016269
278,Fairfield County,Connecticut,36068623
279,Hartford County,Connecticut,31033502
280,Litchfield County,Connecticut,5336674
281,Middlesex County,Connecticut,4698053
282,New Haven County,Connecticut,33198187
283,New London County,Connecticut,8486027
284,Tolland County,Connecticut,3542027
285,Windham County,Connecticut,4106360
286,Kent County,Delaware,7168963
287,New Castle County,Delaware,24044795
288,Sussex County,Delaware,10208774
289,District of Columbia County,District of Columbia,18966666
290,Alachua County,Florida,10675761
291,Baker County,Florida,1592590
292,Bay County,Florida,8646688
293,Bradford County,Florida,1389762
294,Brevard County,Florida,19568267
295,Broward County,Florida,98364378
296,Charlotte County,Florida,5791527
297,Citrus County,Florida,5087591
298,Collier County,Florida,15181981
299,DeSoto County,Florida,1837118
300,Dixie County,Florida,742947
301,Duval County,Florida,43989097
302,Flagler County,Florida,3460801
303,Gadsden County,Florida,2426890
304,Gilchrist County,Florida,760829
305,Glades County,Florida,404759
306,Gulf County,Florida,835383
307,Hamilton County,Florida,726636
308,Hardee County,Florida,1490109
309,Hendry County,Florida,2091613
310,Hernando County,Florida,6744270
311,Highlands County,Florida,3891452
312,Hillsborough County,Florida,61389243
313,Holmes County,Florida,1010743
314,Indian River County,Florida,5644722
315,Leon County,Florida,13674816
316,Levy County,Florida,1657901
317,Liberty County,Florida,485005
318,Manatee County,Florida,16731595
319,Martin County,Florida,5343764
320,Miami-Dade County,Florida,195254134
321,Nassau County,Florida,3875143
322,Okaloosa County,Florida,9033461
323,Okeechobee County,Florida,1846253
324,Osceola County,Florida,19081389
325,Palm Beach County,Florida,60780494
326,Pasco County,Florida,19186152
327,Pinellas County,Florida,34649877
328,Putnam County,Florida,3121427
329,Santa Rosa County,Florida,8268141
330,Sarasota County,Florida,14172971
331,Seminole County,Florida,15546814
332,St. Johns County,Florida,10368971
333,St. Lucie County,Florida,12006725
334,Suwannee County,Florida,2415552
335,Taylor County,Florida,1211285
336,Volusia County,Florida,19242947
337,Wakulla County,Florida,1604519
338,Walton County,Florida,3212274
339,Appling County,Georgia,974165
340,Atkinson County,Georgia,440713
341,Bacon County,Georgia,691730
342,Banks County,Georgia,769484
343,Barrow County,Georgia,4091042
344,Bartow County,Georgia,5881897
345,Ben Hill County,Georgia,903285
346,Berrien County,Georgia,870402
347,Bleckley County,Georgia,642316
348,Brantley County,Georgia,772164
349,Brooks County,Georgia,630602
350,Bryan County,Georgia,1617530
351,Bulloch County,Georgia,2987259
352,Burke County,Georgia,1061008
353,Butts County,Georgia,1279891
354,Camden County,Georgia,1930896
355,Candler County,Georgia,424398
356,Catoosa County,Georgia,2648193
357,Charlton County,Georgia,632705
358,Chatham County,Georgia,10151813
359,Chattahoochee County,Georgia,1636360
360,Chattooga County,Georgia,1218136
361,Clayton County,Georgia,10909081
362,Clinch County,Georgia,409530
363,Cobb County,Georgia,31580175
364,Colquitt County,Georgia,2060092
365,Cook County,Georgia,889568
366,Coweta County,Georgia,5835887
367,Crisp County,Georgia,873311
368,Dade County,Georgia,599636
369,Dawson County,Georgia,1289266
370,Decatur County,Georgia,1278187
371,Dodge County,Georgia,956723
372,Dooly County,Georgia,452029
373,Dougherty County,Georgia,3293319
374,Early County,Georgia,511977
375,Echols County,Georgia,204302
376,Effingham County,Georgia,2169037
377,Emanuel County,Georgia,1154484
378,Evans County,Georgia,432421
379,Fannin County,Georgia,1018221
380,Floyd County,Georgia,5034861
381,Forsyth County,Georgia,9385070
382,Gilmer County,Georgia,1271017
383,Glascock County,Georgia,113664
384,Glynn County,Georgia,3823501
385,Gordon County,Georgia,3278317
386,Grady County,Georgia,960818
387,Gwinnett County,Georgia,39630372
388,Habersham County,Georgia,2143926
389,Hall County,Georgia,11104455
390,Hancock County,Georgia,356172
391,Haralson County,Georgia,1086854
392,Harris County,Georgia,1057154
393,Hart County,Georgia,993707
394,Heard County,Georgia,387443
395,Irwin County,Georgia,406602
396,Jasper County,Georgia,588985
397,Jeff Davis County,Georgia,807581
398,Jenkins County,Georgia,347522
399,Jones County,Georgia,894315
400,Lanier County,Georgia,367738
401,Laurens County,Georgia,2456250
402,Long County,Georgia,417185
403,Lumpkin County,Georgia,1296482
404,McDuffie County,Georgia,1005830
405,McIntosh County,Georgia,407611
406,Meriwether County,Georgia,833509
407,Mitchell County,Georgia,906601
408,Murray County,Georgia,2057520
409,Muscogee County,Georgia,6745232
410,Oconee County,Georgia,1624046
411,Oglethorpe County,Georgia,614217
412,Paulding County,Georgia,6946601
413,Peach County,Georgia,1119628
414,Pierce County,Georgia,1116386
415,Quitman County,Georgia,70082
416,Rabun County,Georgia,716341
417,Richmond County,Georgia,9994906
418,Rockdale County,Georgia,3158053
419,Schley County,Georgia,162851
420,Screven County,Georgia,454579
421,Spalding County,Georgia,2727769
422,Stephens County,Georgia,1316770
423,Stewart County,Georgia,409083
424,Talbot County,Georgia,203717
425,Taliaferro County,Georgia,48880
426,Tattnall County,Georgia,1022380
427,Telfair County,Georgia,586615
428,Terrell County,Georgia,339961
429,Thomas County,Georgia,2019998
430,Tift County,Georgia,2217813
431,Toombs County,Georgia,1481230
432,Towns County,Georgia,504854
433,Treutlen County,Georgia,354340
434,Troup County,Georgia,3113393
435,Turner County,Georgia,453697
436,Twiggs County,Georgia,300646
437,Upson County,Georgia,1480259
438,Ware County,Georgia,2083887
439,Warren County,Georgia,217707
440,Wayne County,Georgia,1549913
441,Webster County,Georgia,65427
442,Wheeler County,Georgia,270263
443,Whitfield County,Georgia,6745393
444,Wilkes County,Georgia,439982
445,Wilkinson County,Georgia,405343
446,Worth County,Georgia,801643
447,Hawaii County,Hawaii,2066876
448,Honolulu County,Hawaii,13406440
449,Kalawao County,Hawaii,365
450,Kauai County,Hawaii,405815
451,Maui County,Hawaii,2192940
452,Ada County,Idaho,21853656
453,Bannock County,Idaho,3632528
454,Bear Lake County,Idaho,173239
455,Benewah County,Idaho,318048
456,Bingham County,Idaho,1932572
457,Blaine County,Idaho,914484
458,Boise County,Idaho,173063
459,Bonner County,Idaho,1442919
460,Bonneville County,Idaho,5792701
461,Boundary County,Idaho,382524
462,Camas County,Idaho,29356
463,Canyon County,Idaho,11295034
464,Caribou County,Idaho,282382
465,Cassia County,Idaho,1167052
466,Clearwater County,Idaho,450375
467,Gem County,Idaho,759832
468,Gooding County,Idaho,584921
469,Idaho County,Idaho,566541
470,Jerome County,Idaho,1128653
471,Kootenai County,Idaho,7776107
472,Latah County,Idaho,1266366
473,Lemhi County,Idaho,229163
474,Lewis County,Idaho,191279
475,Minidoka County,Idaho,939016
476,Nez Perce County,Idaho,1611218
477,Oneida County,Idaho,149310
478,Owyhee County,Idaho,447075
479,Payette County,Idaho,1087356
480,Power County,Idaho,281169
481,Shoshone County,Idaho,507891
482,Teton County,Idaho,478240
483,Twin Falls County,Idaho,4190092
484,Valley County,Idaho,376210
485,Alexander County,Illinois,203922
486,Bond County,Illinois,804310
487,Brown County,Illinois,305300
488,Bureau County,Illinois,1429544
489,Cass County,Illinois,806112
490,Champaign County,Illinois,8240027
491,Christian County,Illinois,1539534
492,Clinton County,Illinois,2259796
493,Coles County,Illinois,2328315
494,Cumberland County,Illinois,541511
495,De Witt County,Illinois,617874
496,DuPage County,Illinois,34455069
497,Edgar County,Illinois,734920
498,Edwards County,Illinois,267322
499,Ford County,Illinois,730290
500,Gallatin County,Illinois,208833
501,Grundy County,Illinois,2291507
502,Hardin County,Illinois,166482
503,Henderson County,Illinois,214880
504,Iroquois County,Illinois,1258542
505,Jersey County,Illinois,1063887
506,Jo Daviess County,Illinois,703692
507,Kane County,Illinois,22048541
508,Kankakee County,Illinois,5544109
509,Kendall County,Illinois,5203238
510,Knox County,Illinois,2199684
511,LaSalle County,Illinois,4760363
512,Livingston County,Illinois,1849029
513,Macoupin County,Illinois,1987995
514,Mason County,Illinois,617916
515,Massac County,Illinois,587131
516,McDonough County,Illinois,1122006
517,McHenry County,Illinois,10999292
518,McLean County,Illinois,7004690
519,Menard County,Illinois,498243
520,Mercer County,Illinois,600922
521,Moultrie County,Illinois,676127
522,Ogle County,Illinois,2354126
523,Peoria County,Illinois,8412804
524,Piatt County,Illinois,612270
525,Richland County,Illinois,772557
526,Rock Island County,Illinois,5844865
527,Sangamon County,Illinois,7575823
528,Schuyler County,Illinois,312160
529,Stark County,Illinois,248912
530,Stephenson County,Illinois,1858879
531,Tazewell County,Illinois,6393882
532,Vermilion County,Illinois,4094078
533,Wabash County,Illinois,593804
534,Whiteside County,Illinois,2691714
535,Will County,Illinois,28912203
536,Williamson County,Illinois,3283717
537,Winnebago County,Illinois,12947874
538,Woodford County,Illinois,1790287
539,Allen County,Indiana,16906530
540,Bartholomew County,Indiana,3344324
541,Blackford County,Indiana,559285
542,Daviess County,Indiana,1286131
543,Dearborn County,Indiana,2389336
544,Delaware County,Indiana,4418554
545,Dubois County,Indiana,2486297
546,Elkhart County,Indiana,11243120
547,Fountain County,Indiana,940904
548,Gibson County,Indiana,1857203
549,Harrison County,Indiana,1823467
550,Hendricks County,Indiana,7067910
551,Huntington County,Indiana,1753840
552,Jay County,Indiana,826676
553,Jennings County,Indiana,1045219
554,Kosciusko County,Indiana,3793033
555,LaGrange County,Indiana,1087368
556,LaPorte County,Indiana,4638069
557,Miami County,Indiana,1654730
558,Noble County,Indiana,2352600
559,Ohio County,Indiana,239853
560,Owen County,Indiana,876698
561,Parke County,Indiana,646282
562,Porter County,Indiana,7209951
563,Posey County,Indiana,1120961
564,Ripley County,Indiana,1438341
565,Rush County,Indiana,769350
566,Spencer County,Indiana,966635
567,St. Joseph County,Indiana,13805707
568,Starke County,Indiana,901368
569,Steuben County,Indiana,1621307
570,Sullivan County,Indiana,915373
571,Switzerland County,Indiana,357223
572,Tippecanoe County,Indiana,8748556
573,Tipton County,Indiana,669632
574,Vanderburgh County,Indiana,9329876
575,Vermillion County,Indiana,728540
576,Vigo County,Indiana,5115588
577,Warrick County,Indiana,3261368
578,Wells County,Indiana,1220814
579,Whitley County,Indiana,1641402
580,Adair County,Iowa,334370
581,Allamakee County,Iowa,598122
582,Appanoose County,Iowa,528777
583,Audubon County,Iowa,204671
584,Black Hawk County,Iowa,6353486
585,Bremer County,Iowa,1124140
586,Buchanan County,Iowa,797599
587,Buena Vista County,Iowa,1618799
588,Cedar County,Iowa,747238
589,Cerro Gordo County,Iowa,2170704
590,Chickasaw County,Iowa,497696
591,Davis County,Iowa,339279
592,Des Moines County,Iowa,1903129
593,Dickinson County,Iowa,925003
594,Dubuque County,Iowa,5196804
595,Emmet County,Iowa,513548
596,Guthrie County,Iowa,476692
597,Ida County,Iowa,361776
598,Iowa County,Iowa,607698
599,Keokuk County,Iowa,399764
600,Kossuth County,Iowa,840922
601,Linn County,Iowa,8599663
602,Louisa County,Iowa,515377
603,Lucas County,Iowa,320401
604,Lyon County,Iowa,609033
605,Mahaska County,Iowa,944996
606,Mills County,Iowa,633501
607,Monona County,Iowa,330378
608,Muscatine County,Iowa,1887506
609,O'Brien County,Iowa,748706
610,Page County,Iowa,753314
611,Palo Alto County,Iowa,436118
612,Plymouth County,Iowa,1514280
613,Pocahontas County,Iowa,340198
614,Pottawattamie County,Iowa,4380048
615,Poweshiek County,Iowa,633810
616,Ringgold County,Iowa,215985
617,Sac County,Iowa,502313
618,Sioux County,Iowa,1923876
619,Story County,Iowa,4068614
620,Tama County,Iowa,825923
621,Wapello County,Iowa,1735153
622,Winneshiek County,Iowa,756122
623,Woodbury County,Iowa,5898763
624,Wright County,Iowa,742301
625,Anderson County,Kansas,340093
626,Atchison County,Kansas,682719
627,Barber County,Kansas,154361
628,Barton County,Kansas,1110704
629,Bourbon County,Kansas,650738
630,Chase County,Kansas,112358
631,Chautauqua County,Kansas,126473
632,Cloud County,Kansas,414787
633,Coffey County,Kansas,326363
634,Comanche County,Kansas,74890
635,Cowley County,Kansas,1644284
636,Doniphan County,Kansas,418429
637,Elk County,Kansas,80157
638,Ellis County,Kansas,1461343
639,Ellsworth County,Kansas,466799
640,Finney County,Kansas,2394862
641,Geary County,Kansas,1390827
642,Gove County,Kansas,153786
643,Gray County,Kansas,252259
644,Greeley County,Kansas,45772
645,Greenwood County,Kansas,266373
646,Harper County,Kansas,264937
647,Harvey County,Kansas,1495030
648,Haskell County,Kansas,172299
649,Hodgeman County,Kansas,79543
650,Jewell County,Kansas,104848
651,Kearny County,Kansas,235020
652,Kingman County,Kansas,325456
653,Labette County,Kansas,1111990
654,Lane County,Kansas,56262
655,Leavenworth County,Kansas,3018868
656,McPherson County,Kansas,1350914
657,Meade County,Kansas,205427
658,Morris County,Kansas,242984
659,Morton County,Kansas,109443
660,Nemaha County,Kansas,613433
661,Neosho County,Kansas,767501
662,Ness County,Kansas,150617
663,Norton County,Kansas,475530
664,Osage County,Kansas,549893
665,Osborne County,Kansas,123003
666,Ottawa County,Kansas,226185
667,Pawnee County,Kansas,456955
668,Pottawatomie County,Kansas,812174
669,Pratt County,Kansas,352105
670,Rawlins County,Kansas,142247
671,Reno County,Kansas,3464196
672,Republic County,Kansas,272486
673,Rice County,Kansas,437671
674,Riley County,Kansas,2557922
675,Rooks County,Kansas,256487
676,Seward County,Kansas,1545536
677,Shawnee County,Kansas,7340047
678,Sheridan County,Kansas,167905
679,Sherman County,Kansas,264948
680,Smith County,Kansas,114658
681,Stafford County,Kansas,161595
682,Stanton County,Kansas,80339
683,Stevens County,Kansas,244663
684,Sumner County,Kansas,916885
685,Trego County,Kansas,157920
686,Wabaunsee County,Kansas,281184
687,Wallace County,Kansas,75727
688,Wichita County,Kansas,88179
689,Wilson County,Kansas,430135
690,Woodson County,Kansas,102367
691,Wyandotte County,Kansas,8367735
692,Ballard County,Kentucky,177490
693,Barren County,Kentucky,2007539
694,Bath County,Kentucky,420727
695,Bell County,Kentucky,1418318
696,Boyd County,Kentucky,2207430
697,Boyle County,Kentucky,1462004
698,Bracken County,Kentucky,283047
699,Breathitt County,Kentucky,481862
700,Breckinridge County,Kentucky,639508
701,Bullitt County,Kentucky,3145090
702,Caldwell County,Kentucky,621765
703,Calloway County,Kentucky,1471308
704,Campbell County,Kentucky,3635379
705,Carlisle County,Kentucky,190462
706,Carter County,Kentucky,1099301
707,Casey County,Kentucky,678250
708,Edmonson County,Kentucky,402316
709,Elliott County,Kentucky,395489
710,Estill County,Kentucky,531595
711,Fleming County,Kentucky,544630
712,Garrard County,Kentucky,691804
713,Graves County,Kentucky,1888132
714,Grayson County,Kentucky,1075905
715,Green County,Kentucky,578341
716,Greenup County,Kentucky,1634800
717,Harlan County,Kentucky,1301694
718,Hickman County,Kentucky,154478
719,Hopkins County,Kentucky,2060812
720,Jessamine County,Kentucky,2060199
721,Kenton County,Kentucky,6941436
722,Knott County,Kentucky,556709
723,Larue County,Kentucky,602306
724,Laurel County,Kentucky,3190935
725,Leslie County,Kentucky,474183
726,Letcher County,Kentucky,917323
727,Magoffin County,Kentucky,503563
728,McCracken County,Kentucky,2792090
729,McCreary County,Kentucky,899795
730,Menifee County,Kentucky,212291
731,Metcalfe County,Kentucky,475300
732,Muhlenberg County,Kentucky,1398886
733,Nelson County,Kentucky,2172522
734,Nicholas County,Kentucky,267194
735,Oldham County,Kentucky,3008625
736,Owsley County,Kentucky,231696
737,Pendleton County,Kentucky,483822
738,Powell County,Kentucky,597127
739,Robertson County,Kentucky,94768
740,Rockcastle County,Kentucky,740539
741,Rowan County,Kentucky,961859
742,Simpson County,Kentucky,865946
743,Todd County,Kentucky,478936
744,Trigg County,Kentucky,547668
745,Trimble County,Kentucky,310322
746,Wolfe County,Kentucky,265426
747,Acadia County,Louisiana,2880225
748,Ascension County,Louisiana,5696293
749,Assumption County,Louisiana,989278
750,Avoyelles County,Louisiana,1890405
751,Beauregard County,Louisiana,1501498
752,Bienville County,Louisiana,705902
753,Bossier County,Louisiana,5993024
754,Caddo County,Louisiana,11140445
755,Calcasieu County,Louisiana,9460220
756,Cameron County,Louisiana,247316
757,Catahoula County,Louisiana,494817
758,Claiborne County,Louisiana,595100
759,Concordia County,Louisiana,854083
760,De Soto County,Louisiana,1257229
761,East Baton Rouge County,Louisiana,17380816
762,East Carroll County,Louisiana,471649
763,East Feliciana County,Louisiana,1321032
764,Evangeline County,Louisiana,1573612
765,Iberia County,Louisiana,3268330
766,Iberville County,Louisiana,1638710
767,Jefferson Davis County,Louisiana,1330428
768,Lafourche County,Louisiana,4614679
769,Morehouse County,Louisiana,1240201
770,Natchitoches County,Louisiana,1782072
771,Orleans County,Louisiana,13153468
772,Plaquemines County,Louisiana,1088727
773,Pointe Coupee County,Louisiana,1107820
774,Rapides County,Louisiana,5572293
775,Red River County,Louisiana,383498
776,Sabine County,Louisiana,1249697
777,St. Bernard County,Louisiana,1828005
778,St. Charles County,Louisiana,2435335
779,St. Helena County,Louisiana,383235
780,St. James County,Louisiana,911991
781,St. John the Baptist County,Louisiana,1699818
782,St. Landry County,Louisiana,3883954
783,St. Martin County,Louisiana,2320720
784,St. Mary County,Louisiana,2215513
785,St. Tammany County,Louisiana,11618826
786,Tangipahoa County,Louisiana,5979718
787,Tensas County,Louisiana,151720
788,Terrebonne County,Louisiana,4939969
789,Vernon County,Louisiana,1519902
790,West Baton Rouge County,Louisiana,1224192
791,West Carroll County,Louisiana,532580
792,West Feliciana County,Louisiana,466375
793,Winn County,Louisiana,697490
794,Androscoggin County,Maine,3006032
795,Aroostook County,Maine,925173
796,Kennebec County,Maine,2505969
797,Oxford County,Maine,1376560
798,Penobscot County,Maine,2760368
799,Piscataquis County,Maine,272711
800,Sagadahoc County,Maine,544141
801,Somerset County,Maine,977340
802,Waldo County,Maine,512886
803,York County,Maine,5050483
804,Allegany County,Maryland,2815447
805,Anne Arundel County,Maryland,16184326
806,Baltimore County,Maryland,23747267
807,Baltimore city County,Maryland,19072105
808,Calvert County,Maryland,1642615
809,Caroline County,Maryland,917271
810,Cecil County,Maryland,2458924
811,Charles County,Maryland,4175851
812,Dorchester County,Maryland,1126697
813,Frederick County,Maryland,7450994
814,Garrett County,Maryland,867800
815,Harford County,Maryland,6125693
816,Prince George's County,Maryland,31463317
817,Queen Anne's County,Maryland,1149898
818,St. Mary's County,Maryland,2516875
819,Wicomico County,Maryland,3088101
820,Worcester County,Maryland,1445899
821,Barnstable County,Massachusetts,5227429
822,Berkshire County,Massachusetts,2566009
823,Bristol County,Massachusetts,25005281
824,Dukes County,Massachusetts,513344
825,Essex County,Massachusetts,36236112
826,Hampden County,Massachusetts,19641120
827,Hampshire County,Massachusetts,3448068
828,Nantucket County,Massachusetts,575089
829,Norfolk County,Massachusetts,20245719
830,Suffolk County,Massachusetts,34240055
831,Alcona County,Michigan,285510
832,Alger County,Michigan,273797
833,Allegan County,Michigan,4209917
834,Alpena County,Michigan,881179
835,Antrim County,Michigan,624181
836,Arenac County,Michigan,464217
837,Baraga County,Michigan,379055
838,Barry County,Michigan,2222070
839,Benzie County,Michigan,489359
840,Branch County,Michigan,2212970
841,Charlevoix County,Michigan,664850
842,Cheboygan County,Michigan,722400
843,Chippewa County,Michigan,2113142
844,Clare County,Michigan,977430
845,Eaton County,Michigan,3778781
846,Genesee County,Michigan,15211443
847,Gladwin County,Michigan,875300
848,Gogebic County,Michigan,554061
849,Grand Traverse County,Michigan,2492053
850,Gratiot County,Michigan,2620280
851,Hillsdale County,Michigan,1738622
852,Houghton County,Michigan,1237180
853,Huron County,Michigan,1424740
854,Ingham County,Michigan,9149487
855,Ionia County,Michigan,3473803
856,Iosco County,Michigan,782294
857,Iron County,Michigan,423417
858,Isabella County,Michigan,2402496
859,Kalamazoo County,Michigan,8581630
860,Kalkaska County,Michigan,447310
861,Keweenaw County,Michigan,72839
862,Lapeer County,Michigan,3484643
863,Leelanau County,Michigan,484024
864,Lenawee County,Michigan,4132655
865,Luce County,Michigan,489841
866,Mackinac County,Michigan,299362
867,Macomb County,Michigan,35883049
868,Manistee County,Michigan,732340
869,Marquette County,Michigan,2313609
870,Mecosta County,Michigan,1243701
871,Menominee County,Michigan,902594
872,Midland County,Michigan,2859409
873,Missaukee County,Michigan,522087
874,Montcalm County,Michigan,3033383
875,Montmorency County,Michigan,245529
876,Muskegon County,Michigan,6843733
877,Newaygo County,Michigan,1801454
878,Oakland County,Michigan,42988813
879,Oceana County,Michigan,1046649
880,Ogemaw County,Michigan,680796
881,Ontonagon County,Michigan,184263
882,Oscoda County,Michigan,251558
883,Otsego County,Michigan,871899
884,Presque Isle County,Michigan,386633
885,Roscommon County,Michigan,719694
886,Saginaw County,Michigan,8350552
887,Sanilac County,Michigan,1465516
888,Schoolcraft County,Michigan,188794
889,Shiawassee County,Michigan,2435306
890,Tuscola County,Michigan,2078602
891,Washtenaw County,Michigan,10064848
892,Wexford County,Michigan,1031061
893,Aitkin County,Minnesota,548382
894,Anoka County,Minnesota,16326872
895,Becker County,Minnesota,1523010
896,Beltrami County,Minnesota,1747471
897,Big Stone County,Minnesota,237827
898,Blue Earth County,Minnesota,2922290
899,Carlton County,Minnesota,1380339
900,Carver County,Minnesota,4071596
901,Chisago County,Minnesota,2430798
902,Cottonwood County,Minnesota,623989
903,Crow Wing County,Minnesota,2680904
904,Dakota County,Minnesota,17626295
905,Faribault County,Minnesota,617207
906,Fillmore County,Minnesota,678054
907,Freeborn County,Minnesota,1392023
908,Goodhue County,Minnesota,1906340
909,Hennepin County,Minnesota,47554264
910,Hubbard County,Minnesota,803214
911,Isanti County,Minnesota,1667287
912,Itasca County,Minnesota,1752381
913,Kanabec County,Minnesota,572336
914,Kandiyohi County,Minnesota,2599318
915,Kittson County,Minnesota,189152
916,Koochiching County,Minnesota,375482
917,Lac qui Parle County,Minnesota,305523
918,Lake of the Woods County,Minnesota,128095
919,Le Sueur County,Minnesota,1149487
920,Mahnomen County,Minnesota,235290
921,McLeod County,Minnesota,1715589
922,Meeker County,Minnesota,1041332
923,Mille Lacs County,Minnesota,1220376
924,Morrison County,Minnesota,1646665
925,Mower County,Minnesota,1883128
926,Nicollet County,Minnesota,1281149
927,Nobles County,Minnesota,1567227
928,Norman County,Minnesota,232108
929,Olmsted County,Minnesota,5437458
930,Otter Tail County,Minnesota,2346874
931,Pennington County,Minnesota,616333
932,Pine County,Minnesota,1309184
933,Pipestone County,Minnesota,434633
934,Ramsey County,Minnesota,19903324
935,Red Lake County,Minnesota,166380
936,Redwood County,Minnesota,699981
937,Renville County,Minnesota,699272
938,Rock County,Minnesota,494805
939,Roseau County,Minnesota,816341
940,Sherburne County,Minnesota,4589038
941,Sibley County,Minnesota,594409
942,St. Louis County,Minnesota,7142605
943,Stearns County,Minnesota,8725973
944,Steele County,Minnesota,1607324
945,Swift County,Minnesota,419319
946,Traverse County,Minnesota,148251
947,Wabasha County,Minnesota,866219
948,Wadena County,Minnesota,664723
949,Waseca County,Minnesota,966071
950,Watonwan County,Minnesota,525510
951,Wilkin County,Minnesota,316051
952,Winona County,Minnesota,1860963
953,Yellow Medicine County,Minnesota,459221
954,Alcorn County,Mississippi,1456617
955,Amite County,Mississippi,546299
956,Attala County,Mississippi,930526
957,Bolivar County,Mississippi,1913070
958,Coahoma County,Mississippi,1205338
959,Copiah County,Mississippi,1258352
960,Forrest County,Mississippi,3526904
961,George County,Mississippi,1204208
962,Grenada County,Mississippi,1072336
963,Hinds County,Mississippi,8876753
964,Humphreys County,Mississippi,388275
965,Issaquena County,Mississippi,64381
966,Itawamba County,Mississippi,1296848
967,Kemper County,Mississippi,403776
968,Leake County,Mississippi,1145328
969,Leflore County,Mississippi,1407629
970,Neshoba County,Mississippi,1793088
971,Noxubee County,Mississippi,532457
972,Oktibbeha County,Mississippi,1985950
973,Panola County,Mississippi,1881989
974,Pearl River County,Mississippi,2247779
975,Pontotoc County,Mississippi,1836796
976,Prentiss County,Mississippi,1267462
977,Rankin County,Mississippi,5997305
978,Sharkey County,Mississippi,198846
979,Sunflower County,Mississippi,1316190
980,Tallahatchie County,Mississippi,699377
981,Tate County,Mississippi,1345901
982,Tippah County,Mississippi,1274526
983,Tishomingo County,Mississippi,983846
984,Tunica County,Mississippi,447405
985,Walthall County,Mississippi,587753
986,Yalobusha County,Mississippi,667644
987,Yazoo County,Mississippi,1282299
988,Andrew County,Missouri,787738
989,Audrain County,Missouri,1105253
990,Bates County,Missouri,600772
991,Bollinger County,Missouri,487773
992,Callaway County,Missouri,2140257
993,Cape Girardeau County,Missouri,3885477
994,Chariton County,Missouri,288510
995,Cole County,Missouri,3871447
996,Cooper County,Missouri,801665
997,Dent County,Missouri,482105
998,Dunklin County,Missouri,1222511
999,Gasconade County,Missouri,614124
1000,Gentry County,Missouri,367876
1001,Hickory County,Missouri,295286
1002,Holt County,Missouri,185126
1003,Howell County,Missouri,1568561
1004,Joplin County,Missouri,2547224
1005,Kansas City County,Missouri,18339433
1006,Laclede County,Missouri,1492608
1007,Maries County,Missouri,277393
1008,McDonald County,Missouri,1143604
1009,Moniteau County,Missouri,763159
1010,New Madrid County,Missouri,899900
1011,Nodaway County,Missouri,1090562
1012,Oregon County,Missouri,365404
1013,Ozark County,Missouri,299754
1014,Pemiscot County,Missouri,626721
1015,Pettis County,Missouri,2171818
1016,Phelps County,Missouri,1701695
1017,Platte County,Missouri,1707243
1018,Ralls County,Missouri,438484
1019,Ray County,Missouri,827010
1020,Reynolds County,Missouri,213258
1021,Scotland County,Missouri,119273
1022,Shannon County,Missouri,268357
1023,St. Francois County,Missouri,3562425
1024,St. Louis city County,Missouri,9776740
1025,Ste. Genevieve County,Missouri,726243
1026,Stoddard County,Missouri,1145934
1027,Taney County,Missouri,2473737
1028,Texas County,Missouri,835063
1029,Beaverhead County,Montana,389325
1030,Big Horn County,Montana,980003
1031,Broadwater County,Montana,214525
1032,Carbon County,Montana,375240
1033,Cascade County,Montana,3934605
1034,Chouteau County,Montana,203811
1035,Daniels County,Montana,79824
1036,Deer Lodge County,Montana,450972
1037,Fallon County,Montana,126863
1038,Fergus County,Montana,464815
1039,Flathead County,Montana,5160947
1040,Glacier County,Montana,632840
1041,Golden Valley County,Montana,24726
1042,Granite County,Montana,92273
1043,Hill County,Montana,852832
1044,Judith Basin County,Montana,39423
1045,Lewis and Clark County,Montana,2928594
1046,McCone County,Montana,75763
1047,Meagher County,Montana,63335
1048,Missoula County,Montana,4032241
1049,Musselshell County,Montana,155663
1050,Petroleum County,Montana,5296
1051,Pondera County,Montana,207565
1052,Powder River County,Montana,61966
1053,Ravalli County,Montana,1315684
1054,Roosevelt County,Montana,640633
1055,Rosebud County,Montana,488125
1056,Sanders County,Montana,314130
1057,Silver Bow County,Montana,1645342
1058,Stillwater County,Montana,307428
1059,Sweet Grass County,Montana,158791
1060,Toole County,Montana,291087
1061,Treasure County,Montana,24037
1062,Wheatland County,Montana,73354
1063,Wibaux County,Montana,48895
1064,Yellowstone County,Montana,7533097
1065,Antelope County,Nebraska,218724
1066,Arthur County,Nebraska,8519
1067,Banner County,Nebraska,14384
1068,Box Butte County,Nebraska,403403
1069,Buffalo County,Nebraska,2217484
1070,Burt County,Nebraska,255185
1071,Cherry County,Nebraska,133335
1072,Colfax County,Nebraska,601224
1073,Cuming County,Nebraska,397173
1074,Dawes County,Nebraska,299054
1075,Deuel County,Nebraska,48334
1076,Dixon County,Nebraska,245183
1077,Dundy County,Nebraska,71626
1078,Frontier County,Nebraska,84746
1079,Furnas County,Nebraska,197353
1080,Gage County,Nebraska,822930
1081,Garden County,Nebraska,51215
1082,Gosper County,Nebraska,73369
1083,Hayes County,Nebraska,23382
1084,Hitchcock County,Nebraska,103033
1085,Hooker County,Nebraska,21530
1086,Kearney County,Nebraska,258818
1087,Keith County,Nebraska,285072
1088,Keya Paha County,Nebraska,22061
1089,Kimball County,Nebraska,166678
1090,Lancaster County,Nebraska,12536755
1091,Loup County,Nebraska,16182
1092,Merrick County,Nebraska,312936
1093,Morrill County,Nebraska,213914
1094,Nance County,Nebraska,160801
1095,Nuckolls County,Nebraska,184796
1096,Otoe County,Nebraska,576543
1097,Perkins County,Nebraska,110507
1098,Red Willow County,Nebraska,490911
1099,Richardson County,Nebraska,294214
1100,Sarpy County,Nebraska,8687832
1101,Saunders County,Nebraska,976083
1102,Scotts Bluff County,Nebraska,1881700
1103,Thayer County,Nebraska,200172
1104,Thurston County,Nebraska,366022
1105,Carson City County,Nevada,2610432
1106,Churchill County,Nevada,946329
1107,Elko County,Nevada,2208578
1108,Esmeralda County,Nevada,16169
1109,Eureka County,Nevada,36365
1110,Lander County,Nevada,204092
1111,Nye County,Nevada,1263483
1112,Pershing County,Nevada,365745
1113,Storey County,Nevada,49486
1114,Washoe County,Nevada,18805857
1115,White Pine County,Nevada,292155
1116,Belknap County,New Hampshire,1696246
1117,Cheshire County,New Hampshire,1556036
1118,Coos County,New Hampshire,836011
1119,Grafton County,New Hampshire,1602837
1120,Merrimack County,New Hampshire,3860203
1121,Rockingham County,New Hampshire,9236270
1122,Strafford County,New Hampshire,3790355
1123,Atlantic County,New Jersey,11731268
1124,Bergen County,New Jersey,37292049
1125,Burlington County,New Jersey,16586832
1126,Cape May County,New Jersey,3566910
1127,Gloucester County,New Jersey,11464778
1128,Hudson County,New Jersey,31367213
1129,Hunterdon County,New Jersey,3580754
1130,Monmouth County,New Jersey,27931212
1131,Ocean County,New Jersey,28303942
1132,Passaic County,New Jersey,26107561
1133,Salem County,New Jersey,2298116
1134,Bernalillo County,New Mexico,23264694
1135,Catron County,New Mexico,47324
1136,Chaves County,New Mexico,3810017
1137,Cibola County,New Mexico,1375374
1138,Curry County,New Mexico,2166283
1139,De Baca County,New Mexico,71345
1140,Doña Ana County,New Mexico,9829654
1141,Eddy County,New Mexico,2983009
1142,Guadalupe County,New Mexico,266790
1143,Harding County,New Mexico,7197
1144,Hidalgo County,New Mexico,160826
1145,Lea County,New Mexico,3929722
1146,Los Alamos County,New Mexico,221138
1147,Luna County,New Mexico,1290347
1148,McKinley County,New Mexico,4810915
1149,Mora County,New Mexico,84275
1150,Quay County,New Mexico,253661
1151,Rio Arriba County,New Mexico,1487273
1152,Sandoval County,New Mexico,4863830
1153,Santa Fe County,New Mexico,4193750
1154,Socorro County,New Mexico,536511
1155,Taos County,New Mexico,709462
1156,Torrance County,New Mexico,436133
1157,Valencia County,New Mexico,2893652
1158,Albany County,New York,9412905
1159,Broome County,New York,7168451
1160,Cattaraugus County,New York,2258293
1161,Cayuga County,New York,2507086
1162,Chemung County,New York,3107390
1163,Chenango County,New York,1335236
1164,Cortland County,New York,1539127
1165,Dutchess County,New York,10781074
1166,Erie County,New York,32820760
1167,Herkimer County,New York,2062789
1168,New York City County,New York,344035617
1169,Niagara County,New York,7433418
1170,Onondaga County,New York,15253603
1171,Ontario County,New York,2860117
1172,Oswego County,New York,3163808
1173,Rensselaer County,New York,4374098
1174,Rockland County,New York,17043745
1175,Saratoga County,New York,6015690
1176,Schenectady County,New York,5057653
1177,Schoharie County,New York,657279
1178,Seneca County,New York,793024
1179,St. Lawrence County,New York,2804233
1180,Tioga County,New York,1483381
1181,Tompkins County,New York,1819531
1182,Ulster County,New York,5144560
1183,Westchester County,New York,46664489
1184,Wyoming County,New York,1343490
1185,Yates County,New York,475709
1186,Alamance County,North Carolina,7379983
1187,Alleghany County,North Carolina,443589
1188,Anson County,North Carolina,1058087
1189,Ashe County,North Carolina,915729
1190,Avery County,North Carolina,818723
1191,Beaufort County,North Carolina,1935745
1192,Bertie County,North Carolina,713041
1193,Bladen County,North Carolina,1447568
1194,Brunswick County,North Carolina,4068916
1195,Buncombe County,North Carolina,7460392
1196,Cabarrus County,North Carolina,8958367
1197,Carteret County,North Carolina,2174410
1198,Caswell County,North Carolina,881338
1199,Catawba County,North Carolina,7914513
1200,Chowan County,North Carolina,616202
1201,Columbus County,North Carolina,2716083
1202,Craven County,North Carolina,3842603
1203,Currituck County,North Carolina,685995
1204,Dare County,North Carolina,967921
1205,Davidson County,North Carolina,6928114
1206,Davie County,North Carolina,1709606
1207,Duplin County,North Carolina,2679063
1208,Durham County,North Carolina,10091419
1209,Edgecombe County,North Carolina,2206149
1210,Gaston County,North Carolina,10983610
1211,Gates County,North Carolina,297920
1212,Granville County,North Carolina,2324993
1213,Guilford County,North Carolina,18898454
1214,Halifax County,North Carolina,2221475
1215,Harnett County,North Carolina,4861558
1216,Haywood County,North Carolina,1904187
1217,Hertford County,North Carolina,827757
1218,Hoke County,North Carolina,1965828
1219,Hyde County,North Carolina,255355
1220,Iredell County,North Carolina,7800208
1221,Johnston County,North Carolina,8846721
1222,Lenoir County,North Carolina,2531206
1223,McDowell County,North Carolina,2246613
1224,Mecklenburg County,North Carolina,44771586
1225,Moore County,North Carolina,3701498
1226,Nash County,North Carolina,4414014
1227,New Hanover County,North Carolina,7782478
1228,Northampton County,North Carolina,741341
1229,Onslow County,North Carolina,7410336
1230,Pamlico County,North Carolina,452163
1231,Pasquotank County,North Carolina,1397354
1232,Pender County,North Carolina,2313646
1233,Perquimans County,North Carolina,419956
1234,Person County,North Carolina,1398784
1235,Pitt County,North Carolina,8148991
1236,Robeson County,North Carolina,6902081
1237,Rutherford County,North Carolina,3075528
1238,Sampson County,North Carolina,3185188
1239,Stanly County,North Carolina,3196668
1240,Stokes County,North Carolina,1702546
1241,Surry County,North Carolina,3395651
1242,Swain County,North Carolina,523431
1243,Transylvania County,North Carolina,992962
1244,Tyrrell County,North Carolina,142026
1245,Vance County,North Carolina,1935950
1246,Wake County,North Carolina,35962519
1247,Watauga County,North Carolina,1874097
1248,Yadkin County,North Carolina,1675616
1249,Yancey County,North Carolina,725728
1250,Barnes County,North Dakota,558859
1251,Benson County,North Dakota,420038
1252,Billings County,North Dakota,24313
1253,Bottineau County,North Dakota,293362
1254,Bowman County,North Dakota,166182
1255,Burleigh County,North Dakota,6416999
1256,Cavalier County,North Dakota,168803
1257,Dickey County,North Dakota,311158
1258,Divide County,North Dakota,76081
1259,Dunn County,North Dakota,179448
1260,Emmons County,North Dakota,170206
1261,Foster County,North Dakota,221497
1262,Grand Forks County,North Dakota,4101238
1263,Griggs County,North Dakota,124958
1264,Hettinger County,North Dakota,136281
1265,Kidder County,North Dakota,108658
1266,LaMoure County,North Dakota,209301
1267,McKenzie County,North Dakota,595831
1268,Mountrail County,North Dakota,556777
1269,Oliver County,North Dakota,63220
1270,Pembina County,North Dakota,341729
1271,Ransom County,North Dakota,272569
1272,Rolette County,North Dakota,878699
1273,Sargent County,North Dakota,191287
1274,Slope County,North Dakota,13239
1275,Stutsman County,North Dakota,1377795
1276,Towner County,North Dakota,125522
1277,Traill County,North Dakota,416605
1278,Walsh County,North Dakota,727292
1279,Ward County,North Dakota,3935010
1280,Williams County,North Dakota,1988468
1281,Saipan County,Northern Mariana Islands,111187
1282,Tinian County,Northern Mariana Islands,1294
1283,Ashland County,Ohio,1860501
1284,Ashtabula County,Ohio,2853924
1285,Athens County,Ohio,2127841
1286,Auglaize County,Ohio,2013878
1287,Belmont County,Ohio,2488411
1288,Clermont County,Ohio,8147553
1289,Columbiana County,Ohio,3849167
1290,Coshocton County,Ohio,1202249
1291,Cuyahoga County,Ohio,44671793
1292,Darke County,Ohio,2205063
1293,Defiance County,Ohio,1764145
1294,Gallia County,Ohio,1074243
1295,Geauga County,Ohio,2725975
1296,Guernsey County,Ohio,1471841
1297,Highland County,Ohio,1575311
1298,Hocking County,Ohio,943608
1299,Licking County,Ohio,6781373
1300,Lorain County,Ohio,10345797
1301,Mahoning County,Ohio,8935169
1302,Medina County,Ohio,6355667
1303,Meigs County,Ohio,662109
1304,Morrow County,Ohio,1229995
1305,Muskingum County,Ohio,3874763
1306,Pickaway County,Ohio,3415916
1307,Portage County,Ohio,5254622
1308,Preble County,Ohio,1598459
1309,Ross County,Ohio,2894307
1310,Sandusky County,Ohio,2237887
1311,Scioto County,Ohio,2932342
1312,Trumbull County,Ohio,6664825
1313,Tuscarawas County,Ohio,3589861
1314,Van Wert County,Ohio,1055043
1315,Vinton County,Ohio,399283
1316,Wood County,Ohio,5212066
1317,Wyandot County,Ohio,947870
1318,Alfalfa County,Oklahoma,437432
1319,Atoka County,Oklahoma,773873
1320,Beaver County,Oklahoma,178534
1321,Beckham County,Oklahoma,1109298
1322,Canadian County,Oklahoma,6813891
1323,Cimarron County,Oklahoma,88720
1324,Coal County,Oklahoma,293428
1325,Cotton County,Oklahoma,277360
1326,Craig County,Oklahoma,851569
1327,Creek County,Oklahoma,2987370
1328,Dewey County,Oklahoma,214620
1329,Garvin County,Oklahoma,1432678
1330,Greer County,Oklahoma,225092
1331,Harmon County,Oklahoma,119006
1332,Hughes County,Oklahoma,497522
1333,Kay County,Oklahoma,2144919
1334,Kingfisher County,Oklahoma,801142
1335,Latimer County,Oklahoma,380007
1336,Le Flore County,Oklahoma,2305319
1337,Love County,Oklahoma,596143
1338,Major County,Oklahoma,384569
1339,Mayes County,Oklahoma,1820246
1340,McClain County,Oklahoma,2162154
1341,McCurtain County,Oklahoma,1624597
1342,Muskogee County,Oklahoma,3855746
1343,Nowata County,Oklahoma,489213
1344,Okfuskee County,Oklahoma,712429
1345,Oklahoma County,Oklahoma,34818605
1346,Okmulgee County,Oklahoma,1628259
1347,Payne County,Oklahoma,3509626
1348,Pittsburg County,Oklahoma,1917055
1349,Pushmataha County,Oklahoma,459997
1350,Roger Mills County,Oklahoma,157027
1351,Rogers County,Oklahoma,4424915
1352,Sequoyah County,Oklahoma,1794121
1353,Tillman County,Oklahoma,308609
1354,Tulsa County,Oklahoma,30778248
1355,Wagoner County,Oklahoma,3453779
1356,Washita County,Oklahoma,443281
1357,Woods County,Oklahoma,490627
1358,Woodward County,Oklahoma,1216505
1359,Clackamas County,Oregon,7676251
1360,Clatsop County,Oregon,533585
1361,Crook County,Oregon,605019
1362,Deschutes County,Oregon,4504619
1363,Gilliam County,Oregon,36079
1364,Harney County,Oregon,213322
1365,Hood River County,Oregon,515778
1366,Josephine County,Oregon,1947075
1367,Klamath County,Oregon,1911156
1368,Malheur County,Oregon,1516284
1369,Multnomah County,Oregon,15755885
1370,Tillamook County,Oregon,394200
1371,Umatilla County,Oregon,3748472
1372,Wallowa County,Oregon,124318
1373,Wasco County,Oregon,681537
1374,Yamhill County,Oregon,2126247
1375,Allegheny County,Pennsylvania,38526843
1376,Armstrong County,Pennsylvania,2429111
1377,Bedford County,Pennsylvania,1871311
1378,Berks County,Pennsylvania,17611297
1379,Blair County,Pennsylvania,5135820
1380,Bucks County,Pennsylvania,22101100
1381,Cambria County,Pennsylvania,5647189
1382,Centre County,Pennsylvania,6213716
1383,Chester County,Pennsylvania,15089577
1384,Clarion County,Pennsylvania,1319620
1385,Clearfield County,Pennsylvania,3237826
1386,Dauphin County,Pennsylvania,9953603
1387,Forest County,Pennsylvania,522806
1388,Huntingdon County,Pennsylvania,1981974
1389,Indiana County,Pennsylvania,2548235
1390,Juniata County,Pennsylvania,843880
1391,Lackawanna County,Pennsylvania,6816300
1392,Lebanon County,Pennsylvania,6108262
1393,Lehigh County,Pennsylvania,14720905
1394,Luzerne County,Pennsylvania,12049376
1395,Lycoming County,Pennsylvania,4636408
1396,McKean County,Pennsylvania,1446743
1397,Mifflin County,Pennsylvania,2102270
1398,Montour County,Pennsylvania,767989
1399,Northumberland County,Pennsylvania,3731652
1400,Philadelphia County,Pennsylvania,56042344
1401,Potter County,Pennsylvania,494103
1402,Schuylkill County,Pennsylvania,5693420
1403,Snyder County,Pennsylvania,1400956
1404,Susquehanna County,Pennsylvania,1020675
1405,Venango County,Pennsylvania,1710840
1406,Westmoreland County,Pennsylvania,13139506
1407,Adjuntas County,Puerto Rico,209104
1408,Aguada County,Puerto Rico,653371
1409,Aguadilla County,Puerto Rico,811973
1410,Aguas Buenas County,Puerto Rico,498803
1411,Aibonito County,Puerto Rico,301890
1412,Anasco County,Puerto Rico,402828
1413,Arecibo County,Puerto Rico,1359582
1414,Arroyo County,Puerto Rico,168591
1415,Barceloneta County,Puerto Rico,352581
1416,Barranquitas County,Puerto Rico,585119
1417,Bayamon County,Puerto Rico,4753693
1418,Cabo Rojo County,Puerto Rico,521083
1419,Caguas County,Puerto Rico,2715122
1420,Camuy County,Puerto Rico,534377
1421,Canovanas County,Puerto Rico,896014
1422,Carolina County,Puerto Rico,3863899
1423,Catano County,Puerto Rico,577420
1424,Cayey County,Puerto Rico,612252
1425,Ceiba County,Puerto Rico,196338
1426,Ciales County,Puerto Rico,337644
1427,Cidra County,Puerto Rico,575213
1428,Coamo County,Puerto Rico,437984
1429,Comerio County,Puerto Rico,325652
1430,Corozal County,Puerto Rico,760726
1431,Culebra County,Puerto Rico,16015
1432,Dorado County,Puerto Rico,1014800
1433,Fajardo County,Puerto Rico,634960
1434,Florida County,Puerto Rico,311510
1435,Guanica County,Puerto Rico,129121
1436,Guayama County,Puerto Rico,408675
1437,Guayanilla County,Puerto Rico,208551
1438,Guaynabo County,Puerto Rico,2046895
1439,Gurabo County,Puerto Rico,919963
1440,Hatillo County,Puerto Rico,534276
1441,Hormigueros County,Puerto Rico,204378
1442,Humacao County,Puerto Rico,899026
1443,Isabela County,Puerto Rico,673921
1444,Jayuya County,Puerto Rico,205227
1445,Juana Diaz County,Puerto Rico,525395
1446,Juncos County,Puerto Rico,900972
1447,Lajas County,Puerto Rico,227555
1448,Lares County,Puerto Rico,422114
1449,Las Marias County,Puerto Rico,115127
1450,Las Piedras County,Puerto Rico,701225
1451,Loiza County,Puerto Rico,514932
1452,Luquillo County,Puerto Rico,349837
1453,Manati County,Puerto Rico,717714
1454,Maricao County,Puerto Rico,55446
1455,Maunabo County,Puerto Rico,167547
1456,Mayaguez County,Puerto Rico,1057344
1457,Moca County,Puerto Rico,685968
1458,Morovis County,Puerto Rico,621504
1459,Naguabo County,Puerto Rico,430491
1460,Naranjito County,Puerto Rico,744047
1461,Orocovis County,Puerto Rico,389644
1462,Patillas County,Puerto Rico,178407
1463,Penuelas County,Puerto Rico,242497
1464,Ponce County,Puerto Rico,1578392
1465,Quebradillas County,Puerto Rico,385494
1466,Rincon County,Puerto Rico,254203
1467,Sabana Grande County,Puerto Rico,215555
1468,Salinas County,Puerto Rico,450815
1469,San German County,Puerto Rico,322979
1470,San Lorenzo County,Puerto Rico,733880
1471,San Sebastian County,Puerto Rico,758495
1472,Santa Isabel County,Puerto Rico,260745
1473,Toa Alta County,Puerto Rico,1754347
1474,Toa Baja County,Puerto Rico,1834331
1475,Trujillo Alto County,Puerto Rico,1377376
1476,Utuado County,Puerto Rico,404998
1477,Vega Alta County,Puerto Rico,867182
1478,Vega Baja County,Puerto Rico,1306272
1479,Vieques County,Puerto Rico,82973
1480,Villalba County,Puerto Rico,326477
1481,Yabucoa County,Puerto Rico,497083
1482,Yauco County,Puerto Rico,458328
1483,Newport County,Rhode Island,2555370
1484,Providence County,Rhode Island,36187938
1485,Abbeville County,South Carolina,1037711
1486,Aiken County,South Carolina,7230122
1487,Allendale County,South Carolina,377535
1488,Bamberg County,South Carolina,622264
1489,Barnwell County,South Carolina,1064916
1490,Berkeley County,South Carolina,7758695
1491,Charleston County,South Carolina,17843693
1492,Chesterfield County,South Carolina,1966724
1493,Clarendon County,South Carolina,1393319
1494,Colleton County,South Carolina,1519664
1495,Darlington County,South Carolina,3401413
1496,Dillon County,South Carolina,1774544
1497,Edgefield County,South Carolina,1242158
1498,Florence County,South Carolina,7375347
1499,Georgetown County,South Carolina,2729889
1500,Greenville County,South Carolina,29482598
1501,Hampton County,South Carolina,815477
1502,Horry County,South Carolina,16476489
1503,Kershaw County,South Carolina,3163574
1504,Lexington County,South Carolina,14217897
1505,Marlboro County,South Carolina,1357841
1506,McCormick County,South Carolina,395623
1507,Newberry County,South Carolina,2049739
1508,Orangeburg County,South Carolina,3982717
1509,Saluda County,South Carolina,714519
1510,Spartanburg County,South Carolina,16725723
1511,Williamsburg County,South Carolina,1621755
1512,Aurora County,South Dakota,179669
1513,Beadle County,South Dakota,1100382
1514,Bennett County,South Dakota,151905
1515,Bon Homme County,South Dakota,576031
1516,Brookings County,South Dakota,1586555
1517,Brule County,South Dakota,276471
1518,Charles Mix County,South Dakota,543415
1519,Codington County,South Dakota,1739610
1520,Corson County,South Dakota,199004
1521,Davison County,South Dakota,1227223
1522,Day County,South Dakota,265449
1523,Edmunds County,South Dakota,195040
1524,Fall River County,South Dakota,262472
1525,Faulk County,South Dakota,138324
1526,Gregory County,South Dakota,224837
1527,Haakon County,South Dakota,102701
1528,Hamlin County,South Dakota,309081
1529,Hand County,South Dakota,134202
1530,Hanson County,South Dakota,145707
1531,Hutchinson County,South Dakota,343402
1532,Jerauld County,South Dakota,104000
1533,Kingsbury County,South Dakota,293610
1534,Lyman County,South Dakota,245823
1535,McCook County,South Dakota,304589
1536,Mellette County,South Dakota,100826
1537,Miner County,South Dakota,113128
1538,Minnehaha County,South Dakota,11947310
1539,Moody County,South Dakota,254309
1540,Oglala Lakota County,South Dakota,803729
1541,Roberts County,South Dakota,507342
1542,Sanborn County,South Dakota,129879
1543,Spink County,South Dakota,324806
1544,Stanley County,South Dakota,136701
1545,Sully County,South Dakota,54434
1546,Tripp County,South Dakota,283375
1547,Walworth County,South Dakota,292193
1548,Yankton County,South Dakota,1176445
1549,Ziebach County,South Dakota,133985
1550,Bledsoe County,Tennessee,931053
1551,Cannon County,Tennessee,788640
1552,Cheatham County,Tennessee,1895057
1553,Cocke County,Tennessee,1935837
1554,Crockett County,Tennessee,901878
1555,Dickson County,Tennessee,2867173
1556,Dyer County,Tennessee,2283571
1557,Fentress County,Tennessee,1021703
1558,Giles County,Tennessee,1663262
1559,Grainger County,Tennessee,1141996
1560,Hamblen County,Tennessee,3610461
1561,Hardeman County,Tennessee,1462789
1562,Hawkins County,Tennessee,2649154
1563,Loudon County,Tennessee,2548177
1564,Maury County,Tennessee,5509745
1565,McMinn County,Tennessee,2791551
1566,McNairy County,Tennessee,1236858
1567,Obion County,Tennessee,1894567
1568,Overton County,Tennessee,1290581
1569,Pickett County,Tennessee,312693
1570,Rhea County,Tennessee,1879399
1571,Roane County,Tennessee,2693959
1572,Sequatchie County,Tennessee,763623
1573,Trousdale County,Tennessee,983328
1574,Unicoi County,Tennessee,852967
1575,Weakley County,Tennessee,1728049
1576,Andrews County,Texas,771366
1577,Angelina County,Texas,3666681
1578,Aransas County,Texas,612200
1579,Archer County,Texas,340609
1580,Atascosa County,Texas,2375194
1581,Austin County,Texas,917947
1582,Bailey County,Texas,322484
1583,Bandera County,Texas,604413
1584,Bastrop County,Texas,3873922
1585,Baylor County,Texas,138374
1586,Bee County,Texas,1492869
1587,Bexar County,Texas,90101044
1588,Blanco County,Texas,321739
1589,Borden County,Texas,11610
1590,Bosque County,Texas,681922
1591,Bowie County,Texas,3222267
1592,Brazoria County,Texas,15931213
1593,Brazos County,Texas,10594058
1594,Brewster County,Texas,355124
1595,Briscoe County,Texas,65358
1596,Burleson County,Texas,934904
1597,Burnet County,Texas,1973143
1598,Callahan County,Texas,501264
1599,Camp County,Texas,545848
1600,Carson County,Texas,217723
1601,Castro County,Texas,399343
1602,Childress County,Texas,525212
1603,Cochran County,Texas,126380
1604,Coke County,Texas,193669
1605,Coleman County,Texas,311325
1606,Collin County,Texas,36761406
1607,Collingsworth County,Texas,122233
1608,Colorado County,Texas,712246
1609,Comal County,Texas,4874967
1610,Concho County,Texas,185051
1611,Cooke County,Texas,1490230
1612,Coryell County,Texas,2961240
1613,Cottle County,Texas,73738
1614,Crane County,Texas,236666
1615,Crosby County,Texas,274538
1616,Culberson County,Texas,133399
1617,Dallam County,Texas,361274
1618,DeWitt County,Texas,818069
1619,Deaf Smith County,Texas,1098921
1620,Denton County,Texas,30022853
1621,Dickens County,Texas,72904
1622,Dimmit County,Texas,961474
1623,Donley County,Texas,164875
1624,Eastland County,Texas,573475
1625,Ector County,Texas,7185334
1626,Erath County,Texas,1755783
1627,Falls County,Texas,794346
1628,Fisher County,Texas,123599
1629,Foard County,Texas,50758
1630,Fort Bend County,Texas,27644850
1631,Freestone County,Texas,770589
1632,Frio County,Texas,1150497
1633,Gaines County,Texas,605447
1634,Galveston County,Texas,17024264
1635,Garza County,Texas,197668
1636,Gillespie County,Texas,1029900
1637,Glasscock County,Texas,43568
1638,Goliad County,Texas,189049
1639,Gonzales County,Texas,1066015
1640,Gregg County,Texas,4963238
1641,Grimes County,Texas,1478530
1642,Hansford County,Texas,347749
1643,Hartley County,Texas,248202
1644,Hays County,Texas,8837128
1645,Hemphill County,Texas,220617
1646,Hockley County,Texas,1179459
1647,Hood County,Texas,2718186
1648,Hudspeth County,Texas,198260
1649,Hunt County,Texas,2708816
1650,Irion County,Texas,51846
1651,Jack County,Texas,256315
1652,Jim Hogg County,Texas,255264
1653,Jim Wells County,Texas,1891621
1654,Karnes County,Texas,1000400
1655,Kaufman County,Texas,6626735
1656,Kenedy County,Texas,16277
1657,Kerr County,Texas,1850936
1658,Kimble County,Texas,119696
1659,King County,Texas,4962
1660,Kinney County,Texas,142112
1661,Kleberg County,Texas,1150502
1662,La Salle County,Texas,390937
1663,Lamb County,Texas,904702
1664,Lampasas County,Texas,921333
1665,Lavaca County,Texas,963872
1666,Lipscomb County,Texas,127908
1667,Live Oak County,Texas,482914
1668,Llano County,Texas,696469
1669,Loving County,Texas,1643
1670,Lubbock County,Texas,19924355
1671,Lynn County,Texas,251755
1672,Matagorda County,Texas,1637290
1673,Maverick County,Texas,4056941
1674,McCulloch County,Texas,248760
1675,McLennan County,Texas,11513190
1676,McMullen County,Texas,33919
1677,Milam County,Texas,1044226
1678,Montague County,Texas,865281
1679,Motley County,Texas,44988
1680,Nacogdoches County,Texas,2032076
1681,Navarro County,Texas,2448364
1682,Nolan County,Texas,667031
1683,Nueces County,Texas,16867599
1684,Ochiltree County,Texas,456414
1685,Palo Pinto County,Texas,1257626
1686,Parker County,Texas,6611106
1687,Parmer County,Texas,492317
1688,Pecos County,Texas,660685
1689,Presidio County,Texas,301707
1690,Rains County,Texas,372357
1691,Randall County,Texas,7028599
1692,Reagan County,Texas,163258
1693,Real County,Texas,139021
1694,Reeves County,Texas,899353
1695,Refugio County,Texas,305312
1696,Rockwall County,Texas,4812897
1697,Runnels County,Texas,514639
1698,Rusk County,Texas,1948014
1699,San Augustine County,Texas,243824
1700,San Jacinto County,Texas,643249
1701,San Patricio County,Texas,1882782
1702,San Saba County,Texas,300616
1703,Schleicher County,Texas,100574
1704,Scurry County,Texas,1004579
1705,Shackelford County,Texas,118627
1706,Somervell County,Texas,434792
1707,Starr County,Texas,3641511
1708,Sterling County,Texas,47140
1709,Stonewall County,Texas,63664
1710,Sutton County,Texas,189363
1711,Swisher County,Texas,371221
1712,Tarrant County,Texas,104283045
1713,Terry County,Texas,666729
1714,Throckmorton County,Texas,32377
1715,Titus County,Texas,1607726
1716,Tom Green County,Texas,7102008
1717,Travis County,Texas,33997053
1718,Tyler County,Texas,611901
1719,Upshur County,Texas,1494267
1720,Upton County,Texas,161412
1721,Uvalde County,Texas,1623845
1722,Val Verde County,Texas,3156703
1723,Van Zandt County,Texas,1975847
1724,Victoria County,Texas,3669190
1725,Waller County,Texas,1718607
1726,Webb County,Texas,17521814
1727,Wharton County,Texas,1711934
1728,Wilbarger County,Texas,737246
1729,Willacy County,Texas,1262043
1730,Winkler County,Texas,327896
1731,Wise County,Texas,3094525
1732,Yoakum County,Texas,360448
1733,Young County,Texas,859633
1734,Zapata County,Texas,685106
1735,Zavala County,Texas,739357
1736,Box Elder County,Utah,2338860
1737,Cache County,Utah,6473315
1738,Daggett County,Utah,23393
1739,Duchesne County,Utah,659154
1740,Emery County,Utah,396946
1741,Juab County,Utah,543233
1742,Millard County,Utah,611564
1743,Piute County,Utah,45256
1744,Rich County,Utah,63578
1745,Salt Lake County,Utah,59486382
1746,Sanpete County,Utah,1548660
1747,Tooele County,Utah,3181498
1748,Uintah County,Utah,1234817
1749,Utah County,Utah,38341731
1750,Wasatch County,Utah,1850159
1751,Weber County,Utah,12144673
1752,Addison County,Vermont,424893
1753,Bennington County,Vermont,846647
1754,Caledonia County,Vermont,442547
1755,Chittenden County,Vermont,2988968
1756,Grand Isle County,Vermont,87741
1757,Lamoille County,Vermont,346051
1758,Rutland County,Vermont,977216
1759,Windsor County,Vermont,680448
1760,St. Croix County,Virgin Islands,714961
1761,St. John County,Virgin Islands,96916
1762,St. Thomas County,Virgin Islands,878072
1763,Accomack County,Virginia,1147639
1764,Albemarle County,Virginia,2256643
1765,Alexandria city County,Virginia,4455926
1766,Amelia County,Virginia,376845
1767,Amherst County,Virginia,1200648
1768,Appomattox County,Virginia,651556
1769,Arlington County,Virginia,5768530
1770,Augusta County,Virginia,2576047
1771,Bland County,Virginia,288350
1772,Botetourt County,Virginia,1048222
1773,Bristol city County,Virginia,623431
1774,Buckingham County,Virginia,819123
1775,Buena Vista city County,Virginia,366705
1776,Charles City County,Virginia,194868
1777,Charlottesville city County,Virginia,1549256
1778,Chesapeake city County,Virginia,8199842
1779,Colonial Heights city County,Virginia,683697
1780,Covington city County,Virginia,233642
1781,Culpeper County,Virginia,1860777
1782,Danville city County,Virginia,1777967
1783,Dickenson County,Virginia,430343
1784,Dinwiddie County,Virginia,861230
1785,Emporia city County,Virginia,258136
1786,Fairfax County,Virginia,28644724
1787,Fairfax city County,Virginia,228780
1788,Falls Church city County,Virginia,168843
1789,Fauquier County,Virginia,1917618
1790,Fluvanna County,Virginia,726002
1791,Franklin city County,Virginia,449874
1792,Fredericksburg city County,Virginia,841450
1793,Galax city County,Virginia,452074
1794,Goochland County,Virginia,570327
1795,Greensville County,Virginia,592531
1796,Hampton city County,Virginia,4142818
1797,Hanover County,Virginia,3255871
1798,Harrisonburg city County,Virginia,2486939
1799,Henrico County,Virginia,9903115
1800,Hopewell city County,Virginia,1015444
1801,Isle of Wight County,Virginia,1236438
1802,James City County,Virginia,1882879
1803,King George County,Virginia,696644
1804,King William County,Virginia,500293
1805,King and Queen County,Virginia,163882
1806,Lexington city County,Virginia,458631
1807,Loudoun County,Virginia,10403881
1808,Lunenburg County,Virginia,307348
1809,Lynchburg city County,Virginia,3145188
1810,Manassas Park city County,Virginia,439421
1811,Manassas city County,Virginia,1623429
1812,Martinsville city County,Virginia,626221
1813,Mathews County,Virginia,243771
1814,New Kent County,Virginia,625143
1815,Newport News city County,Virginia,5594517
1816,Norfolk city County,Virginia,6920480
1817,Norton city County,Virginia,136090
1818,Nottoway County,Virginia,759940
1819,Patrick County,Virginia,567372
1820,Petersburg city County,Virginia,1468007
1821,Pittsylvania County,Virginia,2228833
1822,Poquoson city County,Virginia,352850
1823,Portsmouth city County,Virginia,3555194
1824,Powhatan County,Virginia,767613
1825,Prince Edward County,Virginia,839910
1826,Prince George County,Virginia,1403228
1827,Prince William County,Virginia,16986241
1828,Radford city County,Virginia,855214
1829,Rappahannock County,Virginia,149374
1830,Richmond city County,Virginia,6774556
1831,Roanoke County,Virginia,3336324
1832,Roanoke city County,Virginia,3428515
1833,Rockbridge County,Virginia,599213
1834,Salem city County,Virginia,916042
1835,Shenandoah County,Virginia,1744379
1836,Smyth County,Virginia,1245072
1837,Southampton County,Virginia,747972
1838,Spotsylvania County,Virginia,4062196
1839,Staunton city County,Virginia,1005254
1840,Suffolk city County,Virginia,3104413
1841,Virginia Beach city County,Virginia,14120372
1842,Waynesboro city County,Virginia,969382
1843,Williamsburg city County,Virginia,302740
1844,Winchester city County,Virginia,1108564
1845,Wythe County,Virginia,1127893
1846,Asotin County,Washington,679808
1847,Chelan County,Washington,3011230
1848,Clallam County,Washington,881202
1849,Cowlitz County,Washington,2965556
1850,Ferry County,Washington,168374
1851,Grays Harbor County,Washington,1993888
1852,Island County,Washington,883396
1853,Kitsap County,Washington,3830278
1854,Kittitas County,Washington,1280469
1855,Klickitat County,Washington,425198
1856,Okanogan County,Washington,1211117
1857,Pacific County,Washington,431131
1858,Pend Oreille County,Washington,358165
1859,Skagit County,Washington,2650899
1860,Skamania County,Washington,170101
1861,Snohomish County,Washington,16755032
1862,Spokane County,Washington,19027856
1863,Wahkiakum County,Washington,62599
1864,Walla Walla County,Washington,2332586
1865,Whatcom County,Washington,4021577
1866,Whitman County,Washington,1667334
1867,Yakima County,Washington,12657110
1868,Braxton County,West Virginia,475548
1869,Brooke County,West Virginia,890156
1870,Cabell County,West Virginia,3826523
1871,Doddridge County,West Virginia,285114
1872,Greenbrier County,West Virginia,1228975
1873,Hardy County,West Virginia,643082
1874,Kanawha County,West Virginia,6331976
1875,Mingo County,West Virginia,1143418
1876,Monongalia County,West Virginia,3698447
1877,Pleasants County,West Virginia,380600
1878,Preston County,West Virginia,1289116
1879,Raleigh County,West Virginia,2836448
1880,Ritchie County,West Virginia,336856
1881,Summers County,West Virginia,360599
1882,Tucker County,West Virginia,258095
1883,Wetzel County,West Virginia,609800
1884,Wirt County,West Virginia,197903
1885,Barron County,Wisconsin,2446689
1886,Bayfield County,Wisconsin,510081
1887,Burnett County,Wisconsin,636770
1888,Calumet County,Wisconsin,2578318
1889,Dane County,Wisconsin,17998243
1890,Door County,Wisconsin,1133608
1891,Eau Claire County,Wisconsin,4871011
1892,Fond du Lac County,Wisconsin,5508523
1893,Green Lake County,Wisconsin,860058
1894,Juneau County,Wisconsin,1318006
1895,Kenosha County,Wisconsin,7358085
1896,Kewaunee County,Wisconsin,1089429
1897,La Crosse County,Wisconsin,5391076
1898,Langlade County,Wisconsin,910357
1899,Manitowoc County,Wisconsin,3576863
1900,Marathon County,Wisconsin,6538743
1901,Marinette County,Wisconsin,1952007
1902,Milwaukee County,Wisconsin,46156380
1903,Oconto County,Wisconsin,2074176
1904,Outagamie County,Wisconsin,9378915
1905,Ozaukee County,Wisconsin,3715515
1906,Pepin County,Wisconsin,354951
1907,Price County,Wisconsin,549169
1908,Racine County,Wisconsin,9858781
1909,Sauk County,Wisconsin,2498013
1910,Sawyer County,Wisconsin,739650
1911,Shawano County,Wisconsin,2142813
1912,Sheboygan County,Wisconsin,5785226
1913,Trempealeau County,Wisconsin,1486836
1914,Vilas County,Wisconsin,943254
1915,Washburn County,Wisconsin,648063
1916,Waukesha County,Wisconsin,19331490
1917,Waupaca County,Wisconsin,2453279
1918,Waushara County,Wisconsin,1051142
1919,Converse County,Wyoming,504392
1920,Goshen County,Wyoming,569603
1921,Hot Springs County,Wyoming,191949
1922,Laramie County,Wyoming,4252178
1923,Natrona County,Wyoming,3693641
1924,Niobrara County,Wyoming,86155
1925,Sublette County,Wyoming,344667
1926,Sweetwater County,Wyoming,1941247
1927,Uinta County,Wyoming,993995
1928,Washakie County,Wyoming,415974
1929,Weston County,Wyoming,285924
